insert into klinika (ime, adresa, opis, prosecna_ocena, broj_ocena, suma_ocena) values ('MC Klinika', 'Bulevar Cara Lazara 72', 'Radi 24/7', 3.5, 2, 7);
insert into klinika (ime, adresa, opis, prosecna_ocena, broj_ocena, suma_ocena) values ('Klinika za ortopedsku hirurgiju i traumatologiju', 'Futoska 76', 'Radi 24/7', 5.0, 1, 5);
insert into klinika (ime, adresa, opis, prosecna_ocena, broj_ocena, suma_ocena) values ('Poliklinika Atina', 'Bulevar Evrope 22', 'Radi 24/7', 4.5, 2, 9);
insert into klinika (ime, adresa, opis, prosecna_ocena, broj_ocena, suma_ocena) values ('Nova klinika', 'Strazilovska 5', 'Tek otvorena', 0, 0, 0);

insert into korisnik (ime, prezime, email,  password, grad, drzava, jmbg, adresa, telefon, datum_rodjenja, uloga, aktivan, aktiviran, broj_prijava) values ('Petar', 'Petrovic', 'petar.pertovic@gmail.com', 'njegos', 'Beograd', 'Srbija', '2607426985147', 'Njegoseva 38', 114587698, '1972-4-5', 4, TRUE, TRUE, 1);
insert into korisnik (ime, prezime, email,  password, grad, drzava, jmbg, adresa, telefon, datum_rodjenja, uloga, aktivan, aktiviran, broj_prijava) values ('Steva', 'Stevic', 'steva.stevic@gmail.com', 'steva', 'Novi Sad', 'Srbija', '1452663358994', 'Steviceva 8', 634152698, '1980-7-16', 4, FALSE, FALSE, 1);
insert into korisnik (ime, prezime, email,  password, grad, drzava, jmbg, adresa, telefon, datum_rodjenja, uloga, aktivan, aktiviran, broj_prijava) values ('Marko', 'Markovic', 'marko.markovic@gmail.com', 'maki', 'Novi Sad', 'Srbija', '145874126547', 'Markovljeva 8', 64152677, '1989-6-16', 0, TRUE, TRUE, 0);
insert into korisnik (ime, prezime, email,  password, grad, drzava, jmbg, adresa, telefon, datum_rodjenja, uloga, aktivan, aktiviran, broj_prijava) values ('Adam', 'Adminic', 'adam.adminic@gmail.com', 'adam', 'Novi Sad', 'Srbija', '4152887563945', 'Adamoviceva 7', 415263254, '1990-7-16', 1, TRUE, TRUE, 1);

insert into korisnik (ime, prezime, email,  password, grad, drzava, jmbg, adresa, telefon, datum_rodjenja, uloga, aktivan, aktiviran, broj_prijava) values ('Petar', 'Korisnik', 'petar.k@gmail.com', 'petk', 'Beograd', 'Srbija', '2607426985147', 'Njegoseva 38', 114587698, '1972-4-5', 4, TRUE, TRUE, 1);
insert into korisnik (ime, prezime, email,  password, grad, drzava, jmbg, adresa, telefon, datum_rodjenja, uloga, aktivan, aktiviran, broj_prijava) values ('Petar', 'Pacijent', 'petar.p@gmail.com', 'petp', 'Beograd', 'Srbija', '2607426985147', 'Njegoseva 38', 114587698, '1972-4-5', 4, TRUE, TRUE, 1);

insert into korisnik (ime, prezime, email,  password, grad, drzava, jmbg, adresa, telefon, datum_rodjenja, uloga, aktivan, aktiviran, broj_prijava) values ('Borisav', 'Petkovic', 'bora.peka@gmail.com', 'bora', 'Novi Sad', 'Srbija', '1412984800147', 'Perkoviceva 7', 637412458, '1984-12-14', 2, TRUE, TRUE, 1);
insert into korisnik (ime, prezime, email,  password, grad, drzava, jmbg, adresa, telefon, datum_rodjenja, uloga, aktivan, aktiviran, broj_prijava) values ('Lekar', 'Lekarovic', 'lekar.lekarovic@gmail.com', 'lekar', 'Novi Sad', 'Srbija', '1412123800147', 'Lekarova 7', 631232321, '1985-12-14',2, TRUE, TRUE, 1);

insert into korisnik (ime, prezime, email,  password, grad, drzava, jmbg, adresa, telefon, datum_rodjenja, uloga, aktivan, aktiviran, broj_prijava) values ('Seka', 'Sestric', 'saka.s@gmail.com', 'seka', 'Beograd', 'Srbija', '1402698541236', 'Sekovljeva 38', 11632547, '1972-4-5', 3, TRUE, TRUE, 1);

insert into korisnik (ime, prezime, email,  password, grad, drzava, jmbg, adresa, telefon, datum_rodjenja, uloga, aktivan, aktiviran, broj_prijava) values ('Petar', 'Kocic', 'petar.k@gmail.com', 'peka', 'Beograd', 'Srbija', '1254784106521', 'Njegoseva 38', 114587698, '1973-3-3', 4, TRUE, TRUE, 1);
insert into korisnik (ime, prezime, email,  password, grad, drzava, jmbg, adresa, telefon, datum_rodjenja, uloga, aktivan, aktiviran, broj_prijava) values ('Milan', 'Kokic', 'milan.k@gmail.com', 'mika', 'Beograd', 'Srbija', '6325987451036', 'Njegoseva 38', 115698520, '1978-4-15', 4, TRUE, TRUE, 1);
insert into korisnik (ime, prezime, email,  password, grad, drzava, jmbg, adresa, telefon, datum_rodjenja, uloga, aktivan, aktiviran, broj_prijava) values ('Arsenije', 'Nikolic', 'arsa.n@gmail.com', 'arsa', 'Beograd', 'Srbija', '1405632987450', 'Njegoseva 38', 114521063, '1982-4-15', 4, TRUE, TRUE, 1);
insert into korisnik (ime, prezime, email,  password, grad, drzava, jmbg, adresa, telefon, datum_rodjenja, uloga, aktivan, aktiviran, broj_prijava) values ('Kristina', 'Obradovic', 'kika.o@gmail.com', 'kris', 'Beograd', 'Srbija', '9632510478951', 'Njegoseva 38', 114785410, '1971-4-15', 4, TRUE, TRUE, 1);
insert into korisnik (ime, prezime, email,  password, grad, drzava, jmbg, adresa, telefon, datum_rodjenja, uloga, aktivan, aktiviran, broj_prijava) values ('Milica', 'Barovic', 'milica.b@gmail.com', 'mica', 'Beograd', 'Srbija', '0241578496520', 'Njegoseva 38', 1452638, '1980-5-15', 4, TRUE, TRUE, 1);
insert into korisnik (ime, prezime, email,  password, grad, drzava, jmbg, adresa, telefon, datum_rodjenja, uloga, aktivan, aktiviran, broj_prijava) values ('Lucija', 'Gacanovic', 'lucija.g@gmail.com', 'lucija', 'Beograd', 'Srbija', '6352147895410', 'Njegoseva 38', 114525746, '1972-8-7', 4, TRUE, TRUE, 1);
insert into korisnik (ime, prezime, email,  password, grad, drzava, jmbg, adresa, telefon, datum_rodjenja, uloga, aktivan, aktiviran, broj_prijava) values ('Petar', 'Milosevic', 'petar.m@gmail.com', 'milos', 'Beograd', 'Srbija', '6325440158741', 'Njegoseva 38', 113652985, '1973-4-9', 4, TRUE, TRUE, 1);
insert into korisnik (ime, prezime, email,  password, grad, drzava, jmbg, adresa, telefon, datum_rodjenja, uloga, aktivan, aktiviran, broj_prijava) values ('Petar', 'Markovic', 'petar.mi@gmail.com', 'miki', 'Beograd', 'Srbija', '6325440158741', 'Njegoseva 38', 113652985, '1973-4-9', 2, TRUE, TRUE, 1);
insert into korisnik (ime, prezime, email,  password, grad, drzava, jmbg, adresa, telefon, datum_rodjenja, uloga, aktivan, aktiviran, broj_prijava) values ('Petar', 'Milosevic', 'petar.mil@gmail.com', 'mili', 'Beograd', 'Srbija', '6325440158741', 'Njegoseva 38', 113652985, '1973-4-9', 2, TRUE, TRUE, 1);
insert into korisnik (ime, prezime, email,  password, grad, drzava, jmbg, adresa, telefon, datum_rodjenja, uloga, aktivan, aktiviran, broj_prijava) values ('Klinika', 'KLinikikic', 'klinika.kl@gmail.com', 'klinika', 'Beograd', 'Srbija', '6325440158741', 'Njegoseva 38', 113652985, '1973-4-9', 1, TRUE, TRUE, 1);

insert into pacijent (id_korisnik, visina, tezina, dioptrija, klinika_id, krvna_grupa) values (1, 168, 70, -4.0, 1, 0);
insert into pacijent (id_korisnik, visina, tezina, dioptrija, klinika_id, krvna_grupa) values (2, 174, 88, 0.5, 1, 1);
insert into pacijent (id_korisnik, visina, tezina, dioptrija, klinika_id, krvna_grupa) values (5, 174, 88, 0.5, 1, 1);
insert into pacijent (id_korisnik, visina, tezina, dioptrija, klinika_id, krvna_grupa) values (6, 174, 88, 0.5, 1, 2);
insert into pacijent (id_korisnik, visina, tezina, dioptrija, klinika_id, krvna_grupa) values (10, 174, 88, 0.5, 2, 3);
insert into pacijent (id_korisnik, visina, tezina, dioptrija, klinika_id, krvna_grupa) values (11, 174, 88, 0.5, 3, 0);
insert into pacijent (id_korisnik, visina, tezina, dioptrija, klinika_id, krvna_grupa) values (12, 174, 88, 0.5, 2, 0);
insert into pacijent (id_korisnik, visina, tezina, dioptrija, klinika_id, krvna_grupa) values (13, 174, 88, 0.5, 2, 2);
insert into pacijent (id_korisnik, visina, tezina, dioptrija, klinika_id, krvna_grupa) values (14, 174, 88, 0.5, 2, 3);
insert into pacijent (id_korisnik, visina, tezina, dioptrija, klinika_id, krvna_grupa) values (15, 174, 88, 0.5, 1, 3);
insert into pacijent (id_korisnik, visina, tezina, dioptrija, klinika_id, krvna_grupa) values (16, 174, 88, 0.5, 1, 1);
insert into administrator_klinike(id_korisnik, klinika_id) values (4, 1);
insert into administrator_klinike(id_korisnik, klinika_id) values (19, 2);

insert into administrator_klinickog_centra(id_korisnik) values (3);
insert into medicinska_sestra(id_korisnika, klinika_id) values (9, 1);

insert into sala(ime, opis, klinika_id) values('Sala Op', 'Sala za opercaije', 1);
insert into sala(ime, opis, klinika_id) values('Sala 2', 'Sala za preglede', 1);
insert into sala(ime, opis, klinika_id) values('Sala 1', 'Sala 1 u novoj klinici', 2);
insert into sala (klinika_id, ime, opis) values (1, 'Sala 1', 'Sala za opste preglede');
insert into sala(ime, opis, klinika_id) values('Sala 3', 'Sala 3', 2);
insert into sala(ime, opis, klinika_id) values('Sala 4', 'Sala 4', 2);

insert into doktor (id_korisnik, specijalizacija, prosecna_ocena, broj_ocena, suma_ocena, klinika_id) values (7, 'Lekar opste prakse', 0,0,0,1);
insert into doktor (id_korisnik, specijalizacija, prosecna_ocena, broj_ocena, suma_ocena, klinika_id)values (8, 'Hirurg', 5,5,25,1);
insert into doktor (id_korisnik, specijalizacija, prosecna_ocena, broj_ocena, suma_ocena, klinika_id) values (17, 'Hirurg', 5,2,10,2);
insert into doktor (id_korisnik, specijalizacija, prosecna_ocena, broj_ocena, suma_ocena, klinika_id) values (18, 'Lekar opste prakse',3,2,6,2);

insert into termin(datum, slobodan, potvrdjen, sala_id, trajanje, cena, doktor_id, tip, version) values ('2019-12-01 9:00:00', true, false, 1, 0, 200, 1, 'redovni',0);
insert into termin(datum, slobodan, potvrdjen, sala_id, trajanje, cena, doktor_id, tip, version) values ('2019-12-01 10:00:00', false, false, 1, 0, 200, 2, 'redovni',0);
insert into termin(datum, slobodan, potvrdjen, sala_id, trajanje, cena, doktor_id, tip, version) values ('2019-12-01 11:30:00', true, false, 1, 0, 200, 3, 'redovni',0);
insert into termin(datum, slobodan, potvrdjen, sala_id, trajanje, cena, doktor_id, tip, version) values ('2019-12-01 15:00:00', true, false, 2, 0, 200, 4, 'redovni',0);
insert into termin(datum, slobodan, potvrdjen, sala_id, trajanje, cena, doktor_id, tip, version) values ('2019-12-01 16:00:00', false, false, 2, 0, 200, 2, 'redovni',0);
insert into termin(datum, slobodan, potvrdjen, sala_id, trajanje, cena, doktor_id, tip, version) values ('2019-12-01 17:00:00', true, false, 2, 0, 200, 1, 'redovni',0);
insert into termin(datum, slobodan, potvrdjen, sala_id, trajanje, cena, doktor_id, tip, version) values ('2019-12-01 15:00:00', true, false, 3, 0, 200, 2, 'redovni',0);
insert into termin(datum, slobodan, potvrdjen, sala_id, trajanje, cena, doktor_id, tip, version) values ('2019-12-01 16:00:00', true, false, 3, 0, 200, 3, 'redovni',0);
insert into termin(datum, slobodan, potvrdjen, sala_id, trajanje, cena, doktor_id, tip, version) values ('2019-12-01 17:00:00', true, false, 3, 0, 200, 4, 'redovni',0);
insert into termin(datum, slobodan, potvrdjen, sala_id, trajanje, cena, doktor_id, tip, version) values ('1-1-20 17:00:00', true, false, 3, 0, 200, 2, 'redovni',0);
insert into termin(datum, slobodan, potvrdjen, sala_id, trajanje, cena, doktor_id, tip, version) values ('2-1-20 17:00:00', true, false, 5, 0, 200, 1, 'redovni',0);
insert into termin(datum, slobodan, potvrdjen, sala_id, trajanje, cena, doktor_id, tip, version) values ('3-1-20 17:00:00', true, false, 6, 0, 200, 2, 'redovni',0);
insert into termin(datum, slobodan, potvrdjen, sala_id, trajanje, cena, doktor_id, tip, version) values ('4-1-20 18:00:00', true, false, 3, 0, 200, 1, 'redovni',0);
insert into termin(datum, slobodan, potvrdjen, sala_id, trajanje, cena, doktor_id, tip, version) values ('5-2-20 21:00:00', true, false, 3, 0, 200, 1, 'redovni',0);
insert into termin(datum, slobodan, potvrdjen, sala_id, trajanje, cena, doktor_id, tip, version) values ('6-2-20 21:00:00', true, false, 6, 0, 200, 2, 'redovni',0);


insert into lek(sifra, ime, opis) values ('J01CA04', 'Amoksicilin', 'Lek na bazi penicilina');
insert into lek(sifra, ime, opis) values ('J01CR02', 'Panklav', 'Lek na bayi amoksicilina i klavulinske kiseline');

insert into dijagnoza(sifra, ime, opis) values ('I95', 'Nizak krvni pritisak', 'Gornji ispod 100');
insert into dijagnoza(sifra, ime, opis) values ('J01', 'Akutno zapaljenje sinusa', '');
insert into dijagnoza(sifra, ime, opis) values ('J20', 'Akutni bronhitis', 'Akutna upala disajnih puteva');

insert into alergija(naziv, opis, pacijent_id) values ('Ambrozija', 'Svrab nosa i ociju', 1);

insert into recept (naziv, opis, status, datum_ispisa, sifra_lek, lek_ime, pacijent_id) values ('Recept Amoksicilin', '2x1 na dan', 0, '2019-12-01', 'J01CA04', 'Amoksicilin', 1);
insert into recept (naziv, opis, status, datum_ispisa, sifra_lek, lek_ime, pacijent_id) values ('Recept Panklav', '3x1 na dan', 0, '2019-12-01', 'J01CR02', 'Panklav', 1);

insert into tip_pregleda(naziv, cena, zauzet) values ('Opsti', 200.0, true);
insert into tip_pregleda(naziv, cena, zauzet) values ('Specijalisticki', 5000.0, true);
insert into tip_pregleda(naziv, cena, zauzet) values ('Kontrolni', 0.0, false);

insert into pregled (naziv, anamneza, datumivreme_pregleda, status, tip_pregleda_id, doktor_id, pacijent_id, sala_id) values ('Prvi pregled', 'Pacijent je dosao sa povisenom temperaturom', '12-12-19', 2, 1, 1, 1, 1);
insert into pregled (naziv, anamneza, datumivreme_pregleda, status, tip_pregleda_id, doktor_id, pacijent_id, sala_id) values ('', '', '2-2-20 14:00:00', 0, 1, 1, 1, 1);
insert into pregled (naziv, anamneza, datumivreme_pregleda, status, tip_pregleda_id, doktor_id, pacijent_id, sala_id) values ('', '', '2-2-20 15:00:00', 0, 1, 1, 2, 1);
insert into pregled (naziv, anamneza, datumivreme_pregleda, status, tip_pregleda_id, doktor_id, pacijent_id, sala_id) values ('', '', '2-2-20 16:00:00', 0, 1, 1, 2, 1);
insert into pregled (naziv, anamneza, datumivreme_pregleda, status, tip_pregleda_id, doktor_id, pacijent_id, sala_id) values ('', '', '2-2-20 17:00:00', 0, 1, 1, 3, 1);
insert into pregled (naziv, anamneza, datumivreme_pregleda, status, tip_pregleda_id, doktor_id, pacijent_id, sala_id) values ('', '', '2-2-20 18:00:00', 0, 1, 1, 3, 1);
insert into pregled (naziv, anamneza, datumivreme_pregleda, status, tip_pregleda_id, doktor_id, pacijent_id, sala_id) values ('', '', '2-2-20 19:00:00', 0, 1, 1, 1, 1);
insert into pregledi_dijagnoze(pregled_id, dijagnoza_id) values(1, 2);

insert into operacija(pacijent_id, status, datumivreme_operacije, trajanje) values(1, 0, '1-1-2020 17:00', 0);

insert into operacija(pacijent_id, status, datumivreme_operacije, trajanje) values(1, 0, '2-1-2020 17:00', 0);

insert into operacija(pacijent_id, status, datumivreme_operacije, trajanje) values(2, 0, '2-1-2020 17:00', 0);
insert into operacija(pacijent_id, status, datumivreme_operacije, trajanje) values(2, 0, '3-2-2020 21:00', 0);
insert into operacija(pacijent_id, status, datumivreme_operacije, trajanje) values(1, 0, '4-2-2020 20:00', 0);
insert into operacija(pacijent_id, status, datumivreme_operacije, trajanje, sala_id) values(1, 1, '5-1-2020 18:00', 0, 1);
insert into operacija(pacijent_id, status, datumivreme_operacije, trajanje, opis, sala_id) values(1, 2, '5-1-2020 18:00', 0, 'Pacijentu je izvadjen umnjak', 1);
insert into operacija(pacijent_id, status, datumivreme_operacije, trajanje, opis, sala_id) values(1, 2, '6-1-2020 18:00', 0, 'Pacijentu je izvadjen zub', 1);

insert into operacije_doktori(doktor_id, operacija_id) values (1, 5);
insert into operacije_doktori(doktor_id, operacija_id) values (1, 6);
insert into operacije_doktori(doktor_id, operacija_id) values (1, 7);


insert into odsustvo (korisnik_id, vrsta_odsustva, pocetak_odsustva, zavrsetak_odsustva, odobren) values (9, 0, '2019-12-25', '2020-01-07', TRUE);
insert into odsustvo (korisnik_id, vrsta_odsustva, pocetak_odsustva, zavrsetak_odsustva, odobren) values (9, 1, '2020-01-25', '2020-01-28', TRUE);
insert into odsustvo (korisnik_id, vrsta_odsustva, pocetak_odsustva, zavrsetak_odsustva, odobren) values (9, 1, '2020-02-25', '2020-02-28', FALSE);

insert into usluga(naziv, opis, cena, klinika_id) values ('Pregled','Obican pregled','2000',1);
insert into usluga(naziv, opis, cena, klinika_id) values ('Pregled','Obican pregled','2000',2);
insert into usluga(naziv, opis, cena, klinika_id) values ('Pregled specijaliste','Specijalisticki','4000',2);
insert into odsustvo (korisnik_id, vrsta_odsustva, pocetak_odsustva, zavrsetak_odsustva, odobren) values (5, 1, '2020-01-25', '2020-01-28', TRUE);
insert into odsustvo (korisnik_id, vrsta_odsustva, pocetak_odsustva, zavrsetak_odsustva, odobren) values (5, 1, '2020-02-25', '2020-02-28', FALSE);


insert into odsustvo (korisnik_id, vrsta_odsustva, pocetak_odsustva, zavrsetak_odsustva, odobren) values (7, 1, '2020-01-25', '2020-01-28', TRUE);
insert into odsustvo (korisnik_id, vrsta_odsustva, pocetak_odsustva, zavrsetak_odsustva, odobren) values (8, 1, '2020-02-25', '2020-02-28', FALSE);

